<?xml version="1.0" encoding="UTF-8"?>
<beans xmlns="http://www.springframework.org/schema/beans"
	xmlns:xsi="http://www.w3.org/2001/XMLSchema-instance" xmlns:mvc="http://www.springframework.org/schema/mvc"
	xmlns:context="http://www.springframework.org/schema/context"
	xsi:schemaLocation="
        http://www.springframework.org/schema/mvc http://www.springframework.org/schema/mvc/spring-mvc-3.0.xsd
        http://www.springframework.org/schema/beans http://www.springframework.org/schema/beans/spring-beans-3.0.xsd
        http://www.springframework.org/schema/context http://www.springframework.org/schema/context/spring-context-3.0.xsd">

	<context:component-scan base-package="com.javapapers.spring.mvc" />
	<mvc:annotation-driven />

	<bean
		class="org.springframework.web.servlet.view.InternalResourceViewResolver">
		<property name="prefix" value="/WEB-INF/view/" />
		<property name="suffix" value=".jsp" />
	</bean>
<!-- <bean id="duke"
class="com.javapapers.spring.mvc.Juggler"/>

	<bean id="logging"
	    class="com.javapapers.spring.mvc.DoLogging"
	    /> -->
	    
	<bean id="person" class="com.javapapers.spring.mvc.NgoOwner"></bean>
	<!-- <aop:config>
		<aop:aspectref="logging">
		<aop:pointcutid="test" expression="execution(* *.test(..))"/>

		<aop:beforepointcut-ref="test" method="singBeforeQuest"/>
		<aop:afterpointcut-ref="test" method="singAfterQuest"/>
</aop:aspect>
</aop:aspectref>
</aop:config> -->
</beans>