<?xml version="1.0" encoding="UTF-8"?>
<beans xmlns="http://www.springframework.org/schema/beans"
	xmlns:xsi="http://www.w3.org/2001/XMLSchema-instance" xmlns:mvc="http://www.springframework.org/schema/mvc"
	xmlns:context="http://www.springframework.org/schema/context"
	xsi:schemaLocation="
        http://www.springframework.org/schema/mvc http://www.springframework.org/schema/mvc/spring-mvc-3.0.xsd
        http://www.springframework.org/schema/beans http://www.springframework.org/schema/beans/spring-beans-3.0.xsd
        http://www.springframework.org/schema/context http://www.springframework.org/schema/context/spring-context-3.0.xsd">

	<context:component-scan base-package="com.javapapers.spring.mvc" />
	<bean id="userDetails" class="com.javapapers.spring.mvc.UserDetails"/>
	 <mvc:annotation-driven />
	    
 <bean id="contentManager"
                class="org.springframework.web.accept.ContentNegotiationManagerFactoryBean">
                <property name="favorPathExtension" value="true"/>
                <property name="ignoreAcceptHeader" value="true" />
                <property name="defaultContentType" value="text/html" />
                <property name="useJaf" value="false"/>
                <property name="mediaTypes">
                    <map>
                        <entry key="html" value="text/html" />
                        <entry key="json" value="application/json" />
                        <entry key="xml" value="application/xml" />
                    </map>
                </property>
        </bean>
	

	<bean
		class="org.springframework.web.servlet.view.InternalResourceViewResolver">
		<property name="prefix" value="/WEB-INF/view/" />
		<property name="suffix" value=".jsp" />
	</bean>


</beans>